INSERT INTO users VALUES ('7d770015-c6d4-4da5-91e8-ecb939bbb1e7', 'Kobe', 'Sanchez', '1980-04-22');
INSERT INTO users VALUES ('cf120f71-f0a9-486e-b11c-dbe70241e2bf', 'Leonardo', 'Caldwell', '1954-11-01');
INSERT INTO users VALUES ('213b52e3-ce1c-46e5-b5c7-f8dc17576f05', 'Jaqueline', 'Gonzales', '1989-01-11');
INSERT INTO users VALUES ('e5d44cbc-28aa-403b-908d-ba2d6d041fe9', 'Kameron', 'Mosley', '1976-07-01');
INSERT INTO users VALUES ('52147e21-56cf-4ed7-b9bf-70371981225f', 'Donna', 'Mejia', '1990-11-11');

INSERT INTO stations VALUES ('1836d328-6605-461f-b661-803d30b12515', 'Moscow');
INSERT INTO stations VALUES ('fcf2ad0f-4eed-44d5-b813-158ad14dfb97', 'Saint Petersburg');
INSERT INTO stations VALUES ('c69230e4-3801-48bc-a9eb-37bd361cab8b', 'Nizhny Novgorod');

INSERT INTO routes VALUES ('006942cc-f677-4f10-a1af-63614d4778fc', '1836d328-6605-461f-b661-803d30b12515', '2019-12-18T16:05:00.000', 'fcf2ad0f-4eed-44d5-b813-158ad14dfb97', '2019-12-18T23:47:00.000');
INSERT INTO routes VALUES ('39d8dcf3-2867-4e27-8b71-9c607d0950eb', '1836d328-6605-461f-b661-803d30b12515', '2020-01-19T01:12:00.000', 'c69230e4-3801-48bc-a9eb-37bd361cab8b', '2020-01-19T07:10:00.000');


INSERT INTO wagons VALUES ('07b8d4e5-cf50-47d7-b992-212f30c3235b', 5, 3, 'ECONOMY');
INSERT INTO wagons VALUES ('2d6f24ce-e5f0-4371-ad89-edca9bbaee8c', 5, 0, 'BUSINESS');
INSERT INTO wagons VALUES ('73e4031b-a235-448d-87b3-00fde83a58e0', 5, 0, 'PREMIUM');
INSERT INTO wagons VALUES ('3a6c78da-cb9d-4135-a7b2-a3850820deca', 5, 0, 'ECONOMY');
INSERT INTO wagons VALUES ('37182c3a-be20-48d6-854f-2833c323ee49', 5, 1, 'BUSINESS');
INSERT INTO wagons VALUES ('17656e82-e115-450b-af65-99d259c94ec8', 5, 1, 'PREMIUM');

INSERT INTO trains VALUES ('8d8c5071-8b04-4c66-8146-290d25b5d1cb');
INSERT INTO trains VALUES ('17a1aa2b-c0d7-4f46-a375-6972ed91008d');

INSERT INTO cruises VALUES ('2b3986b3-5b45-46fe-bdbe-a2b7fe86958c', '006942cc-f677-4f10-a1af-63614d4778fc', '8d8c5071-8b04-4c66-8146-290d25b5d1cb'); # Moscow >>> Saint Petersburg
INSERT INTO cruises VALUES ('3021e1a4-c646-456b-9ca0-388e059a2115', '39d8dcf3-2867-4e27-8b71-9c607d0950eb', '17a1aa2b-c0d7-4f46-a375-6972ed91008d'); # Moscow >>> Nizhny Novgorod

INSERT INTO train_wagons VALUES ('8d8c5071-8b04-4c66-8146-290d25b5d1cb', '07b8d4e5-cf50-47d7-b992-212f30c3235b'); #1 1
INSERT INTO train_wagons VALUES ('8d8c5071-8b04-4c66-8146-290d25b5d1cb', '2d6f24ce-e5f0-4371-ad89-edca9bbaee8c'); #1 2
INSERT INTO train_wagons VALUES ('8d8c5071-8b04-4c66-8146-290d25b5d1cb', '73e4031b-a235-448d-87b3-00fde83a58e0'); #1 3
INSERT INTO train_wagons VALUES ('17a1aa2b-c0d7-4f46-a375-6972ed91008d', '3a6c78da-cb9d-4135-a7b2-a3850820deca'); #2 1
INSERT INTO train_wagons VALUES ('17a1aa2b-c0d7-4f46-a375-6972ed91008d', '37182c3a-be20-48d6-854f-2833c323ee49'); #2 2
INSERT INTO train_wagons VALUES ('17a1aa2b-c0d7-4f46-a375-6972ed91008d', '17656e82-e115-450b-af65-99d259c94ec8'); #2 3

INSERT INTO tickets VALUES ('3e5d2e4f-734e-4ba9-818d-1de46042fffb', '7d770015-c6d4-4da5-91e8-ecb939bbb1e7', '2b3986b3-5b45-46fe-bdbe-a2b7fe86958c', 'ECONOMY', 199, '2019-11-07T16:11:33.000', 'ACTIVE', NULL);
INSERT INTO tickets VALUES ('45e83f9d-4e92-4bce-9ba5-e14493a220af', 'cf120f71-f0a9-486e-b11c-dbe70241e2bf', '2b3986b3-5b45-46fe-bdbe-a2b7fe86958c', 'ECONOMY', 199, '2019-10-01T22:32:23.000', 'ACTIVE', NULL);
INSERT INTO tickets VALUES ('2de03ee6-a090-4db1-8593-4b8158c4a345', '213b52e3-ce1c-46e5-b5c7-f8dc17576f05', '2b3986b3-5b45-46fe-bdbe-a2b7fe86958c', 'ECONOMY', 199, '2019-12-11T13:21:04.000', 'ACTIVE', NULL);

INSERT INTO tickets VALUES ('8cd26125-8442-490a-8a53-e283ee89c8c0', 'e5d44cbc-28aa-403b-908d-ba2d6d041fe9', '3021e1a4-c646-456b-9ca0-388e059a2115', 'BUSINESS', 299, '2019-11-10T20:43:11.000', 'ACTIVE', NULL);
INSERT INTO tickets VALUES ('107e01e3-5005-4588-a7aa-80edcd2f49da', '52147e21-56cf-4ed7-b9bf-70371981225f', '3021e1a4-c646-456b-9ca0-388e059a2115', 'PREMIUM', 399, '2019-10-22T18:20:40.000', 'ACTIVE', NULL);